,p_ID,project-name,username,total-views,total-remixes,total-favorites,total-loves,is-remix,Abstraction,Parallelism,Logic,Synchronization,FlowControl,UserInteractivity,DataRepresentation,Mastery,Clones,CustomBlocks,total-blocks,readVariable,wait:elapsed:from:,setVar:to:,doIf,=,hide,lookLike:,whenGreenFlag,whenIReceive,doForever,show,gotoX:y:,doIfElse,doRepeat,changeVar:by:,broadcast:,getParam,call,+,say:duration:elapsed:from:,touching:,*,randomFrom:to:,>,playSound:,-,<,getLine:ofList:,glideSecs:toX:y:elapsed:from:,forward:,&,|,whenKeyPressed,keyPressed:,stopScripts,whenSceneStarts,heading:,nextCostume,startScene,not,setSizeTo:,changeYposBy:,changeGraphicEffect:by:,append:toList:,doUntil,whenClicked,comeToFront,setGraphicEffect:to:,changeXposBy:,\/,doPlaySoundAndWait,computeFunction:of:,turnRight:,concatenate:with:,touchingColor:,getAttribute:of:,doWaitUntil,costumeIndex,createCloneOf,setLine:ofList:to:,letter:of:,answer,xpos
74627,98691668,Add yourself running from a giant Pikachu! Help! remix,animals1234l,1,0,0,0,0,1.0,3.0,0.0,2.0,2.0,1.0,1.0,10.0,0.0,0.0,4,0,28,0,0,0,0,1,99,2,51,1,0,0,0,0,1,0,0,0,2,0,0,0,0,0,0,0,0,17,0,0,0,0,0,0,0,0,30,0,0,18,0,2,0,0,0,34,0,0,0,2,0,4,0,0,0,0,0,0,0,0,0,0
217642,99799309,Window Shopper Starter Project-2 remix,cs226666,1,0,0,0,0,3.0,1.0,1.0,1.0,2.0,1.0,1.0,10.0,0.0,0.0,5,0,1,0,2,0,0,0,4,0,3,0,1,0,0,0,0,0,0,0,0,2,0,7,0,0,0,0,0,2,0,0,0,0,0,0,0,0,0,0,0,1,0,1,0,0,0,1,0,0,0,0,0,1,0,0,0,0,0,1,0,0,0,0
75330,98696192,Get to the castle! ~ My first project,VannahSteele,1,0,1,1,0,0.0,0.0,0.0,0.0,1.0,1.0,1.0,3.0,0.0,0.0,24,0,0,0,0,0,0,0,1,0,0,0,0,0,0,0,0,0,0,0,1,0,0,0,0,5,0,0,0,0,9,0,0,0,0,0,0,0,0,0,0,0,0,0,0,0,0,0,0,0,0,0,0,3,0,0,0,0,0,0,0,0,0,0
122779,99081317,chris,Chrisleer,1,0,0,0,0,1.0,1.0,0.0,1.0,2.0,2.0,1.0,8.0,0.0,0.0,2,0,1,0,0,0,0,0,4,0,1,0,0,0,3,0,0,0,0,0,0,0,0,0,0,3,0,0,0,5,3,0,0,4,0,0,0,0,0,0,0,0,0,0,0,0,0,0,0,0,0,1,0,1,0,0,0,0,0,0,0,0,0,0
218399,99804514,שגר אותי,dayan3,1,0,0,0,0,0.0,0.0,0.0,0.0,1.0,2.0,1.0,4.0,0.0,0.0,7,0,0,0,0,0,0,0,0,0,0,0,0,0,0,0,0,0,0,0,0,0,0,0,0,0,0,0,0,0,0,0,0,1,0,0,0,0,0,0,0,0,0,0,0,0,0,0,0,0,0,0,0,0,2,0,0,0,0,0,0,0,0,1
46849,98536470,Untitled-2,szymonduda1234,1,0,1,1,0,0.0,0.0,0.0,0.0,2.0,2.0,1.0,5.0,0.0,0.0,6,0,0,0,0,0,0,0,0,0,0,1,0,0,1,0,0,0,0,0,0,0,0,0,0,0,0,0,0,0,1,0,0,1,0,0,0,0,0,0,0,0,0,0,0,0,0,0,0,0,0,0,0,0,0,0,0,0,0,0,0,0,0,0
156084,99337746,Test Day! FIXED!,McLy2015,3,0,0,0,1,1.0,1.0,2.0,3.0,2.0,2.0,1.0,12.0,0.0,0.0,2,0,5,0,0,1,4,4,4,3,0,4,0,1,1,0,4,0,0,1,6,0,0,0,0,0,0,0,0,0,0,0,0,1,0,0,1,0,0,5,0,0,0,0,0,0,0,0,0,0,0,0,0,0,0,0,0,0,0,0,0,0,0,0
212582,99765742,Pet,Snowy_The_Wolf,11,0,0,0,0,1.0,1.0,1.0,2.0,2.0,2.0,2.0,11.0,0.0,0.0,7,2,7,4,2,0,0,4,2,2,2,0,1,0,0,4,2,0,0,0,0,0,0,0,2,4,0,0,0,3,0,0,0,2,0,0,0,0,0,0,0,0,2,0,0,0,2,0,0,0,0,0,0,0,0,0,0,0,0,0,0,0,0,0
8452,94803596,משחק הקוביות שלאיתי חתמי,larom2000,1,0,0,0,0,1.0,2.0,2.0,1.0,2.0,2.0,2.0,12.0,0.0,0.0,4,12,4,11,3,4,0,2,2,0,1,0,2,4,2,2,2,0,0,1,0,1,0,9,3,0,0,0,0,4,1,0,1,2,0,0,0,4,0,0,0,2,2,0,0,0,0,0,0,2,0,0,0,3,0,0,0,0,4,0,0,0,2,0
80265,98744598,a flower with some butterflies,zestyfella,2,0,0,0,0,0.0,0.0,0.0,0.0,1.0,0.0,0.0,1.0,0.0,0.0,19,0,0,0,0,0,0,0,0,0,0,0,5,0,10,0,0,0,0,0,0,0,0,0,0,0,0,0,0,0,5,0,0,0,0,0,0,1,0,0,0,0,0,0,0,0,0,0,0,0,0,0,0,10,0,0,0,0,0,0,0,0,0,0
144111,99252809,doce y tres,informate4,2,0,0,0,0,1.0,3.0,0.0,2.0,1.0,2.0,1.0,10.0,1.0,0.0,6,0,9,0,0,0,7,0,5,14,0,4,18,0,0,0,5,0,0,0,5,0,0,0,0,0,0,0,0,0,0,0,0,9,0,0,0,0,0,0,0,0,9,3,0,0,0,0,0,0,1,0,0,0,0,0,0,0,0,0,0,0,0,0
54686,98583630,Boat maze     ,Tarush15,1,0,0,0,0,1.0,2.0,1.0,2.0,2.0,2.0,2.0,12.0,0.0,0.0,34,0,3,1,6,0,0,4,0,0,2,0,3,0,1,1,0,0,0,0,4,0,0,0,1,0,0,0,0,0,1,0,0,3,0,1,0,3,0,0,0,0,0,0,0,0,0,0,0,0,0,1,0,0,0,5,0,0,0,0,0,0,0,0
137455,99183271,Untitled,qkrwhdtn98,2,0,0,0,0,1.0,1.0,0.0,1.0,2.0,1.0,1.0,7.0,1.0,0.0,6,0,2,0,0,0,0,0,2,0,2,0,0,0,0,0,0,0,0,0,0,0,0,0,0,0,0,0,0,0,2,0,0,0,0,0,0,0,2,0,0,0,0,0,0,0,0,0,0,0,0,0,0,0,0,0,0,0,0,0,0,0,0,0
205174,99696870,Pie Chart (for MCMS_Educational),RektBi,2,0,0,0,0,1.0,3.0,3.0,2.0,1.0,2.0,2.0,14.0,0.0,0.0,1,13,2,4,1,4,5,0,6,4,0,8,3,3,0,7,3,0,0,3,2,0,3,0,0,0,0,0,0,0,0,0,0,1,0,0,0,3,0,0,1,0,0,0,0,0,0,0,0,0,3,0,0,2,0,0,0,0,0,0,0,0,3,0
231931,99951903,The Scratch Runway Round One remix,--Cookie--,2,0,1,0,0,1.0,1.0,3.0,3.0,1.0,2.0,1.0,12.0,0.0,0.0,3,0,0,0,0,0,1,1,2,0,0,1,2,0,0,0,0,0,0,0,0,0,0,0,0,0,0,0,0,0,0,0,0,1,1,0,0,0,1,0,1,0,0,0,0,0,0,0,0,0,0,0,0,0,0,0,0,1,0,0,0,0,0,0
42740,98506972,Untitled-7,XxTroubleKidxX,2,0,0,0,0,1.0,2.0,1.0,3.0,2.0,2.0,2.0,13.0,1.0,0.0,9,1,0,1,14,1,14,0,16,2,14,14,2,0,12,12,14,0,0,0,0,13,0,0,0,0,1,1,0,0,3,0,0,12,0,2,0,26,0,0,0,24,0,24,0,0,0,0,0,0,0,0,0,12,0,0,0,1,0,0,0,0,0,0
138956,99194940,ペン：ペンの色・太さを（ ）ずつ変える_1,ttgoto,1,0,0,0,0,0.0,0.0,0.0,1.0,2.0,1.0,2.0,6.0,0.0,0.0,29,1,1,2,0,0,0,0,1,0,0,0,2,0,1,1,0,0,0,0,5,0,0,0,0,0,0,0,0,0,2,0,0,0,0,0,0,2,0,0,0,0,0,0,0,0,0,0,0,0,0,0,0,1,0,0,0,0,0,0,0,0,0,0
140386,99214737,Untitled-2,javipolo,1,0,0,0,0,0.0,0.0,0.0,0.0,1.0,1.0,1.0,3.0,0.0,0.0,18,0,0,0,0,0,0,1,1,0,0,0,0,0,0,0,0,0,0,0,16,0,0,0,0,0,0,0,0,0,0,0,0,0,0,0,0,0,0,0,0,0,0,0,0,0,0,0,0,0,0,0,0,0,0,0,0,0,0,0,0,0,0,0
109569,98975912,Racing Game Starter Project remix,cs136886,1,0,0,0,0,1.0,1.0,3.0,1.0,3.0,2.0,2.0,13.0,2.0,0.0,6,2,2,4,7,0,0,0,11,0,9,0,0,2,0,0,0,0,0,0,4,6,0,0,0,0,0,0,0,0,2,0,0,8,6,0,0,0,2,1,6,0,0,0,0,6,1,0,0,0,0,7,0,2,0,3,0,0,0,0,0,0,0,0
185909,99562743,for iluvokamiden ~NEW INTRO~,NYANzorua,2,0,1,1,0,1.0,1.0,0.0,2.0,2.0,1.0,1.0,8.0,0.0,0.0,2,0,12,0,0,0,1,0,3,0,0,0,1,0,1,0,0,0,0,0,0,0,0,0,0,0,0,0,0,0,0,0,0,0,0,1,0,0,0,12,0,0,0,0,0,0,0,0,0,0,0,1,0,0,0,0,0,0,0,0,0,0,0,0
68983,98663529,Maze game alpha testing,miuccio1717,1,0,0,0,0,0.0,0.0,0.0,0.0,1.0,1.0,0.0,2.0,0.0,0.0,1,0,1,0,1,0,0,0,1,0,0,0,0,0,1,0,0,0,0,0,0,0,0,0,0,0,0,0,0,0,0,0,0,0,0,1,0,0,0,0,0,0,0,0,0,0,0,0,0,0,0,0,0,0,0,0,0,0,0,0,0,0,0,0
158019,99350645,yay ,tacocatforever,4,0,1,0,0,1.0,0.0,0.0,0.0,1.0,2.0,1.0,5.0,0.0,0.0,2,0,0,0,0,0,0,0,1,0,0,0,0,0,0,0,0,0,0,0,0,0,0,0,0,0,0,0,0,0,0,0,0,1,0,0,0,0,0,0,0,0,0,0,0,0,0,0,0,0,0,0,0,0,0,0,0,0,0,0,0,0,0,0
196349,99619877,.:Master Of Tide:. {WIP}=Story-Board= Part 5,Little-Miss-White,4,0,2,2,0,1.0,1.0,0.0,1.0,2.0,1.0,1.0,7.0,0.0,0.0,2,0,4,0,0,0,3,2,4,0,1,2,0,0,1,0,0,0,0,0,0,0,0,0,0,0,0,0,0,0,0,0,0,0,0,0,0,0,2,0,0,0,0,0,0,0,0,0,0,0,0,1,0,0,0,0,0,0,0,0,0,0,0,0
181546,99538397,Add your majestic face on a chicken :3 remix remix,Designer4lifeGames,4,0,0,0,1,1.0,1.0,0.0,0.0,2.0,1.0,1.0,6.0,0.0,0.0,4,0,0,0,0,0,1,0,3,0,2,0,1,0,0,0,0,0,0,0,0,0,0,0,0,0,0,0,0,0,0,0,0,0,0,0,0,0,1,0,0,0,0,0,0,0,0,0,0,0,0,1,0,0,0,0,0,0,0,0,0,0,0,0
1856,79599850,Untitled-2,22jordac,1,0,0,0,0,1.0,1.0,0.0,0.0,2.0,1.0,1.0,6.0,0.0,0.0,3,0,0,0,0,0,0,0,2,0,2,0,0,0,0,0,0,0,0,0,0,0,0,0,0,0,0,0,0,0,0,0,0,0,0,0,0,0,0,0,0,0,0,2,0,0,0,0,0,0,0,0,0,0,0,0,0,0,0,0,0,0,0,0
170941,99472051,I'm fallin' for you ~cc~ remix,Robinflame,4,0,1,0,1,0.0,0.0,0.0,0.0,1.0,2.0,1.0,4.0,0.0,0.0,2,0,0,0,0,0,0,0,0,0,0,0,0,0,0,0,0,0,0,0,0,0,0,0,0,0,0,0,0,0,0,0,0,1,0,0,0,0,0,0,0,0,0,0,0,0,0,0,0,0,0,0,0,0,0,0,0,0,0,0,0,0,0,0
102502,98923293,Suprise button,jacob_moeller_21,2,0,0,0,0,0.0,0.0,0.0,0.0,1.0,2.0,1.0,4.0,0.0,0.0,4,0,0,0,0,0,0,0,0,0,0,0,0,0,0,0,0,0,0,0,0,0,0,0,0,1,0,0,0,0,0,0,0,0,0,0,0,0,0,0,0,0,0,2,0,0,1,0,0,0,0,0,0,0,0,0,0,0,0,0,0,0,0,0
31184,98214348,STACT6MAYNARD,cs208726,1,0,0,0,0,1.0,3.0,2.0,3.0,3.0,2.0,1.0,15.0,0.0,0.0,13,0,14,0,1,2,23,2,6,0,3,12,8,1,8,0,0,0,0,0,12,1,0,0,0,0,0,0,0,6,3,0,0,0,0,1,35,1,5,6,0,4,0,0,0,1,3,0,0,0,0,0,0,0,0,0,0,0,0,0,0,0,2,0
216990,99794746,Button Clicker,TheAwesomeDude101,3,0,0,0,0,1.0,1.0,0.0,0.0,2.0,2.0,2.0,8.0,0.0,0.0,3,0,0,1,0,0,0,0,2,0,1,0,1,0,0,2,0,0,0,0,0,0,0,0,0,0,0,0,0,0,0,0,0,0,0,0,0,0,0,0,0,0,0,0,0,0,1,0,0,0,0,0,0,0,0,0,0,0,0,0,0,0,0,0
154442,99328261,big and big,RSSariejoe,1,0,1,1,0,1.0,0.0,0.0,0.0,3.0,2.0,1.0,7.0,0.0,0.0,7,0,0,0,0,0,0,0,0,0,0,0,1,0,0,0,0,0,0,0,0,0,0,2,0,0,0,0,0,0,0,0,0,2,0,0,0,0,0,0,0,1,0,0,0,1,0,0,0,0,0,0,0,1,0,0,0,0,0,0,0,0,0,0
21738,97526817,Calling All The Monsters - China Anne McClain,Fironic,3,0,0,0,0,1.0,1.0,0.0,0.0,2.0,1.0,1.0,6.0,0.0,0.0,3,0,0,0,0,0,0,0,2,0,2,0,0,0,0,0,0,0,0,0,0,0,0,0,0,0,0,0,0,0,0,0,0,0,0,0,0,0,0,0,0,0,0,1,0,0,0,0,0,0,0,1,0,0,0,0,0,0,0,0,0,0,0,0
176039,99499974,Nyan Cat Girl Anime ~,KawwaiYazzi,1,0,0,0,0,1.0,0.0,0.0,0.0,2.0,2.0,0.0,5.0,0.0,0.0,1,0,0,0,0,0,0,0,1,0,0,0,0,0,1,0,0,0,0,0,0,0,0,0,0,1,0,0,0,0,0,0,0,1,0,0,0,0,0,0,0,0,0,0,0,0,0,0,0,0,0,0,0,0,0,0,0,0,0,0,0,0,0,0
26858,97998819,Cat Version of Taylor Swift,oaktree510,5,0,0,0,0,1.0,1.0,0.0,1.0,2.0,1.0,1.0,7.0,0.0,0.0,4,0,12,0,0,0,0,0,3,0,2,0,0,0,0,0,0,0,0,0,10,0,0,0,0,1,0,0,0,0,0,0,0,0,0,0,0,0,0,0,0,0,0,2,0,0,0,0,0,0,0,0,0,0,0,0,0,0,0,0,0,0,0,0
198204,99630012,Times Tables - Year 2,CiaraCallan,1,0,0,0,0,1.0,1.0,2.0,2.0,2.0,2.0,2.0,12.0,1.0,0.0,7,1,1,8,0,1,7,0,15,0,7,7,1,1,1,7,0,0,0,0,3,0,0,7,0,7,0,0,0,0,7,0,0,2,0,1,0,7,0,7,0,0,0,0,0,0,7,0,0,1,0,0,0,0,0,0,0,0,0,0,0,0,0,0
30225,98178834,Mad Beatz,1powneyhay,1,0,0,0,0,0.0,0.0,0.0,0.0,1.0,1.0,0.0,2.0,0.0,0.0,32,0,0,0,0,0,0,0,1,0,0,0,0,0,0,0,0,0,0,0,0,0,0,0,0,7,0,0,0,0,0,0,0,0,0,0,0,0,0,0,0,0,0,0,0,0,0,0,0,0,0,24,0,0,0,0,0,0,0,0,0,0,0,0
117300,99022906,Costumes-Spin,jenniferITB,1,0,0,0,0,1.0,0.0,0.0,2.0,2.0,2.0,1.0,8.0,0.0,0.0,4,0,2,0,0,0,0,1,1,2,0,0,1,0,2,0,2,0,0,0,0,0,0,0,0,0,0,0,0,0,0,0,0,0,0,0,0,0,1,0,0,0,0,0,0,0,2,0,0,0,0,0,0,1,0,0,0,0,0,0,0,0,0,0
111565,98988108,Original Pencil Game!,SOCCERGUY64,4,0,0,0,0,0.0,0.0,2.0,0.0,2.0,2.0,1.0,7.0,0.0,0.0,8,0,0,0,0,0,0,0,1,0,1,0,0,1,0,0,0,0,0,0,0,0,0,0,0,0,0,0,0,0,0,0,0,0,0,0,0,0,0,0,0,0,0,0,0,0,0,0,0,0,0,0,0,0,0,0,0,0,0,0,0,0,0,0
205469,99699797,Gaming Story Starter Project remix,cs70183,5,0,1,0,0,0.0,0.0,0.0,0.0,1.0,1.0,0.0,2.0,0.0,0.0,17,0,0,0,0,0,0,0,1,0,0,0,0,0,0,0,0,0,0,0,16,0,0,0,0,0,0,0,0,0,0,0,0,0,0,0,0,0,0,0,0,0,0,0,0,0,0,0,0,0,0,0,0,0,0,0,0,0,0,0,0,0,0,0
78510,98726564,Εκτοξευση,fotininoula2001,2,0,0,0,0,1.0,1.0,0.0,0.0,2.0,2.0,2.0,8.0,1.0,0.0,11,0,0,2,0,0,2,0,2,0,0,2,2,0,2,2,0,0,0,0,2,0,0,0,0,0,0,0,0,2,2,0,0,0,0,0,0,0,0,0,0,0,0,0,0,0,0,0,0,0,0,0,0,0,0,0,0,0,0,0,0,0,2,0
166947,99439742,Untitled-5,kramer111,1,0,0,0,0,1.0,0.0,0.0,2.0,1.0,1.0,1.0,6.0,0.0,0.0,3,0,0,0,0,0,0,0,1,1,0,0,0,0,0,0,1,0,0,0,0,0,0,0,0,1,0,0,0,0,0,0,0,0,0,0,0,0,0,0,0,0,0,1,0,0,0,0,0,0,0,0,0,0,0,0,0,0,0,0,0,0,0,0
205775,99702963,과제3,kimmin3460,1,0,0,0,0,1.0,3.0,1.0,2.0,2.0,2.0,1.0,12.0,0.0,0.0,2,0,3,0,3,0,4,0,3,2,2,4,3,0,0,0,1,0,0,0,1,2,0,0,0,0,0,0,0,0,2,0,0,0,1,0,0,2,2,0,0,2,0,0,0,0,1,0,0,0,0,0,0,0,0,0,0,0,0,0,0,0,0,0
64017,98635402,bad block breaker by scrub,trextrex2,8,0,0,0,0,1.0,2.0,2.0,2.0,3.0,2.0,2.0,14.0,2.0,0.0,5,2,0,2,49,5,0,45,72,1,50,0,1,1,0,0,1,0,0,0,0,45,0,26,0,0,0,0,0,0,3,0,0,3,0,1,0,26,0,0,0,0,0,0,0,1,0,0,0,0,0,0,0,0,0,1,0,0,0,0,0,0,0,0
192839,99600933,this sick dude,cassiefromooo,1,0,0,0,0,0.0,0.0,0.0,1.0,2.0,1.0,1.0,5.0,0.0,0.0,8,0,1,0,0,0,0,3,1,0,1,0,0,0,0,0,0,0,0,0,2,0,0,0,0,0,0,0,0,0,0,0,0,0,0,0,0,0,0,0,0,0,0,0,0,0,0,0,0,0,0,0,0,0,0,0,0,0,0,0,0,0,0,0
105831,98949421,Night Time,doll98,2,0,0,0,0,0.0,0.0,0.0,0.0,2.0,1.0,0.0,3.0,0.0,0.0,5,0,0,0,0,0,0,0,1,0,1,0,0,0,1,0,0,0,0,0,0,0,0,0,0,0,0,0,0,0,0,0,0,0,0,0,0,0,0,0,0,0,0,0,0,0,0,0,0,0,0,2,0,0,0,0,0,0,0,0,0,0,0,0
81116,98753231,Untitled-8,mattiapea,1,0,0,0,0,1.0,1.0,0.0,1.0,2.0,1.0,1.0,7.0,0.0,0.0,7,0,2,0,0,0,0,0,4,0,0,0,0,0,5,0,0,0,0,0,0,0,0,0,0,0,0,0,0,0,0,0,0,0,0,0,0,0,0,0,0,0,0,0,0,0,0,0,0,0,0,1,0,2,0,0,0,0,0,0,0,0,0,0
106689,98955356,2.23-2.24 Rocket and Meteors ,xd0pegall,2,0,0,0,0,1.0,3.0,1.0,2.0,3.0,1.0,2.0,13.0,1.0,0.0,7,0,13,1,10,0,13,1,13,2,12,12,1,0,1,1,10,0,0,10,0,10,0,30,0,0,0,10,0,0,11,0,0,0,0,2,0,10,12,0,0,0,0,0,0,10,0,0,0,0,10,0,0,0,0,0,0,0,0,0,0,0,0,0
217009,99794891,Warrior Cats CC Numb remix,nwolf91905,1,0,0,0,0,0.0,0.0,0.0,0.0,2.0,1.0,1.0,4.0,0.0,0.0,4,0,0,0,0,0,0,0,1,0,1,0,1,0,0,0,0,0,0,0,0,0,0,0,0,0,0,0,0,0,0,0,0,0,0,0,0,0,0,0,0,0,0,0,0,0,0,0,0,0,0,1,0,0,0,0,0,0,0,0,0,0,0,0
41602,98498071,Animation Project,Joseph420420,1,0,0,0,0,1.0,3.0,1.0,3.0,2.0,2.0,2.0,14.0,3.0,0.0,2,8,13,2,9,8,9,9,16,22,9,10,11,0,4,8,15,0,0,0,22,0,0,0,0,20,0,1,0,0,4,0,0,1,0,1,0,4,5,3,0,4,0,0,0,0,0,0,0,0,0,0,0,0,0,0,0,0,0,0,0,0,0,1
128692,99128208,Calculator mix,MundoEduca,2,0,0,0,0,1.0,2.0,2.0,2.0,2.0,2.0,2.0,13.0,1.0,0.0,2,16,0,9,0,2,5,3,0,6,0,1,3,2,3,0,9,0,0,1,3,0,1,9,0,0,1,0,0,0,0,0,0,4,0,0,0,0,0,0,0,3,0,0,0,0,0,0,3,0,3,0,0,0,8,0,0,0,0,0,0,0,6,0
125234,99101169,5 Things About Us Starter Project remix,cs272871,1,0,0,0,0,1.0,1.0,0.0,0.0,2.0,1.0,1.0,6.0,0.0,0.0,5,0,0,0,0,0,1,0,3,0,1,0,0,0,0,0,0,0,0,0,4,0,0,0,0,0,0,0,0,0,0,0,0,0,0,0,0,0,0,0,0,0,0,1,0,0,0,0,0,0,0,0,0,0,0,0,0,0,0,0,0,0,0,0
151800,99310037,Dumb and Dumber Short ,SwegBro275,2,0,0,0,0,1.0,3.0,0.0,2.0,2.0,1.0,1.0,10.0,0.0,0.0,5,0,53,0,0,0,17,29,11,16,3,10,6,0,1,0,5,0,0,0,0,0,0,1,0,2,0,0,0,1,0,0,0,0,0,0,0,0,19,2,0,2,1,0,0,0,0,1,0,1,0,1,0,0,0,0,0,0,0,0,0,0,0,0
30868,98204120,Puppy Talks and SURPRISES!!!!!!!,Tritan5,1,0,1,0,0,1.0,0.0,0.0,3.0,2.0,2.0,1.0,9.0,0.0,0.0,5,0,0,0,0,0,0,3,0,0,0,0,0,0,1,0,0,0,0,0,5,0,0,0,0,1,0,0,0,0,0,0,0,10,0,0,4,0,0,4,0,0,0,0,0,0,1,0,0,0,0,0,0,0,0,0,0,0,0,0,0,0,2,0
178087,99515451,Unicorn's House,MegaMilkshake,5,0,1,1,0,1.0,0.0,0.0,2.0,2.0,1.0,1.0,7.0,1.0,0.0,7,0,5,0,0,0,0,3,1,4,0,0,10,0,3,0,5,0,0,0,1,0,0,0,0,0,0,0,0,0,3,0,0,0,0,0,0,1,0,0,0,0,0,0,0,0,0,0,0,0,0,0,0,2,0,0,0,0,0,0,0,0,0,0
150045,99298752,explore as a wolf ,Wolfie313king,2,0,0,0,0,1.0,0.0,0.0,1.0,2.0,2.0,1.0,7.0,0.0,0.0,3,0,2,0,0,0,0,0,1,0,1,0,0,0,0,0,0,0,0,0,0,0,0,0,0,1,0,0,0,0,4,0,0,6,0,0,0,4,0,0,0,0,0,1,0,0,1,0,2,0,0,0,0,0,0,0,0,0,0,0,0,0,0,0
222809,99861814,The MAZE,ItsWasMe,1,0,0,0,0,1.0,3.0,1.0,3.0,3.0,2.0,1.0,14.0,2.0,0.0,3,0,15,0,6,0,19,0,9,9,9,14,14,0,2,0,2,0,0,0,0,2,0,2,0,0,0,0,0,5,0,0,0,4,0,0,12,0,1,7,0,0,2,1,0,2,0,0,0,2,0,2,0,0,0,6,0,0,0,0,0,0,0,0
71334,98675207,pong game,manuelrios18,1,0,0,0,0,1.0,1.0,1.0,2.0,2.0,2.0,2.0,11.0,0.0,0.0,5,0,2,1,3,0,0,0,5,0,5,0,0,0,0,2,0,0,0,0,0,2,0,0,0,2,0,0,0,0,1,0,0,0,0,1,0,1,0,0,0,0,0,1,0,0,0,0,0,0,0,0,0,2,0,1,0,0,0,0,0,0,0,0
110757,98983597,Day 1 Debugging 9 remix,I-Like-TRAINS1,1,0,0,0,0,0.0,0.0,0.0,0.0,2.0,1.0,1.0,4.0,0.0,0.0,11,0,0,0,0,0,0,0,1,0,1,0,1,0,4,0,0,0,0,0,0,0,0,0,0,0,0,0,0,0,0,0,0,0,0,0,0,0,0,0,0,0,2,0,0,0,0,0,0,2,0,0,0,0,0,0,0,0,0,0,0,0,0,0
140096,99211019,ASTEROIDE,crubirola,1,0,0,0,0,3.0,1.0,3.0,2.0,2.0,2.0,2.0,15.0,0.0,0.0,6,0,2,1,8,0,2,0,3,0,5,2,2,0,0,1,0,0,0,0,0,4,0,3,1,0,0,2,0,0,2,0,1,1,2,1,0,2,0,2,0,3,0,0,0,0,0,0,0,2,0,0,0,1,0,0,0,0,0,2,0,0,0,2
194589,99610103,multiplayer test for acecaps,Sparf,38,0,3,1,0,1.0,1.0,3.0,1.0,2.0,2.0,2.0,12.0,3.0,0.0,2,11,16,10,10,8,0,20,13,0,12,2,2,10,4,14,0,0,0,0,0,0,0,0,0,0,0,0,0,0,0,0,0,0,8,0,0,8,0,0,4,0,0,0,0,0,0,0,0,0,0,1,0,0,0,4,0,0,0,0,0,0,0,0
23418,97679123,Rosen pong,Arabman123,12,0,0,0,0,1.0,3.0,0.0,3.0,1.0,2.0,1.0,11.0,0.0,0.0,2,0,0,0,0,0,8,0,1,3,0,5,0,0,0,0,3,0,0,0,0,0,0,0,0,0,0,0,0,0,0,0,0,0,0,0,10,0,0,3,0,0,0,0,0,0,3,0,0,0,0,0,0,0,0,0,0,0,0,0,0,0,0,0
231722,99950445,the kitten is... uh...,liloboroboy,1,0,0,0,1,3.0,3.0,3.0,3.0,3.0,2.0,2.0,19.0,7.0,34.0,36,85,97,19,78,49,96,91,15,143,23,49,14,1,20,10,38,0,54,0,13,18,4,0,8,21,0,8,0,28,0,3,0,2,12,14,1,0,13,7,9,6,20,0,0,9,5,8,2,12,8,0,0,7,0,0,1,18,0,5,0,0,0,0
59568,98614480,Take to the sky>COLLAB W\/ -K.C.G- & MOWTHESWAG  remix remix,-kittycattygirl-,7,1,1,0,1,1.0,1.0,0.0,2.0,2.0,1.0,1.0,8.0,0.0,0.0,3,0,45,0,0,0,12,36,6,2,0,10,2,0,8,0,2,0,0,0,0,0,0,0,0,1,0,0,0,12,0,0,0,0,0,0,0,0,7,4,0,0,0,1,0,0,0,0,0,0,0,0,0,0,0,0,0,0,0,0,0,0,0,0
171863,99477773,YourNameAnimate.sb2.,Jaazzy,2,0,0,0,0,1.0,1.0,0.0,1.0,2.0,1.0,1.0,7.0,0.0,0.0,4,0,17,0,0,0,13,0,19,0,7,13,0,0,0,0,0,0,0,0,0,0,0,0,0,1,0,0,0,0,1,0,0,0,0,0,0,0,2,0,0,0,0,1,0,0,0,0,0,0,0,0,0,1,0,0,0,0,0,0,0,0,0,0
36826,98406150,Level,silvercobra22,3,0,0,0,0,1.0,1.0,0.0,3.0,1.0,2.0,1.0,9.0,0.0,0.0,2,0,0,0,0,0,0,0,2,1,0,0,2,0,0,0,1,0,0,0,0,1,0,0,0,0,0,0,0,0,1,0,0,1,0,0,0,0,0,1,0,0,0,0,0,0,0,0,0,0,0,0,0,0,0,0,0,1,0,0,0,0,0,0
17027,97000620,Scratch Slide Show 2.o,camham22,1,0,0,0,0,1.0,2.0,0.0,0.0,2.0,2.0,1.0,8.0,0.0,0.0,3,0,0,0,0,0,0,0,0,0,2,0,0,0,0,0,0,0,0,0,0,0,0,0,0,0,0,0,0,0,0,0,0,2,0,0,0,0,0,0,0,0,0,1,0,0,0,0,0,0,0,0,0,1,0,0,0,0,0,0,0,0,0,0
116217,99015948,you're not my dad,FruitFuzzy,1,0,0,0,0,1.0,0.0,0.0,1.0,1.0,2.0,1.0,6.0,1.0,0.0,4,0,9,0,0,0,0,10,0,0,0,0,0,0,0,0,0,0,0,0,0,0,0,0,0,0,0,0,0,0,0,0,0,3,0,0,0,0,0,0,0,0,0,0,0,0,0,0,0,0,0,0,0,0,0,0,0,0,0,0,0,0,0,0
53723,98575762,Fireworks,korbinau,3,0,0,0,0,3.0,0.0,0.0,1.0,3.0,2.0,1.0,10.0,0.0,2.0,6,0,3,0,0,0,1,2,0,0,0,1,1,0,2,0,0,0,2,0,0,0,0,5,1,0,0,0,0,0,2,0,0,1,0,0,0,2,0,0,0,0,0,2,0,1,0,0,1,0,0,0,0,0,0,0,1,0,0,1,0,0,0,0
82375,98764031,Welcome,DevotedWaffle,1,0,0,0,0,0.0,0.0,0.0,0.0,1.0,1.0,1.0,3.0,0.0,0.0,2,0,0,0,0,0,0,0,1,0,0,0,1,0,0,0,0,0,0,0,0,0,0,0,0,0,0,0,0,0,0,0,0,0,0,0,0,0,0,0,0,0,0,0,0,0,0,0,0,0,0,0,0,0,0,0,0,0,0,0,0,0,0,0
27696,98055798,prodject 3\/music and sound,cs76742,2,0,0,0,0,3.0,1.0,1.0,1.0,2.0,2.0,1.0,11.0,1.0,0.0,7,0,2,0,17,0,0,0,6,0,5,0,2,0,1,0,0,0,0,0,0,0,0,8,0,1,0,0,0,0,0,0,0,0,0,0,0,0,0,0,0,0,0,1,0,0,0,0,8,0,0,0,0,0,0,17,0,0,0,1,0,0,0,0
103523,98931487,Untitled-8,gal029,1,0,0,0,0,0.0,0.0,2.0,0.0,1.0,2.0,1.0,6.0,0.0,0.0,11,0,0,0,0,1,0,0,1,0,0,0,0,1,0,0,0,0,0,0,0,0,0,0,0,0,0,0,0,0,0,0,0,0,0,0,0,1,0,0,0,0,0,0,0,0,0,0,0,0,0,0,0,0,0,0,0,0,0,0,0,0,1,0
97595,98871855,boing,polk1765,1,0,1,1,0,1.0,1.0,1.0,2.0,2.0,2.0,2.0,11.0,0.0,0.0,5,0,1,1,3,0,0,0,5,0,5,0,1,0,0,2,0,0,0,0,0,1,0,0,0,2,0,0,0,0,1,0,0,0,0,1,0,1,0,0,0,0,0,1,0,0,0,0,0,0,0,0,0,1,0,2,0,0,0,0,0,0,0,0
141015,99222209,devani benitez,devani-benitez,3,0,0,0,0,1.0,1.0,0.0,1.0,2.0,1.0,1.0,7.0,2.0,0.0,6,0,54,0,0,0,0,0,53,0,21,0,0,0,0,0,0,0,0,0,0,0,0,0,0,0,0,0,0,104,0,0,0,0,0,0,0,0,0,3,0,0,0,0,0,0,0,0,0,0,0,0,0,14,0,0,0,0,0,0,0,0,0,0
217259,99796613,Rainbow Cat Adventures Part 1 (WIP),wp230840,1,0,0,0,0,3.0,1.0,2.0,2.0,2.0,1.0,2.0,13.0,0.0,0.0,13,3,6,4,2,3,3,2,4,1,3,3,6,1,7,0,1,0,0,2,10,0,0,0,0,0,0,0,0,0,3,0,0,0,0,0,0,5,3,0,0,1,1,0,0,0,0,0,0,0,0,0,0,0,0,0,4,0,0,2,0,0,0,0
70686,98672183,|Who Are You Really?| MAP Part 9,GravityFalls_,20,0,1,0,0,1.0,1.0,0.0,1.0,2.0,1.0,1.0,7.0,0.0,0.0,2,0,10,0,0,0,0,1,2,0,0,0,1,0,5,0,0,0,0,0,0,0,0,0,0,0,0,0,0,0,0,0,0,0,0,0,0,0,6,0,0,0,0,0,0,0,0,0,0,0,0,1,0,0,0,0,0,0,0,0,0,0,0,0
160811,99382929,Evitez les astéroïdes !,Ed-Mario,1,0,0,0,1,3.0,1.0,1.0,3.0,2.0,2.0,2.0,14.0,0.0,0.0,4,0,3,1,6,0,4,0,4,2,5,3,0,0,0,1,3,0,0,0,2,1,0,1,0,0,0,1,0,0,1,0,0,0,4,1,1,0,0,5,0,0,2,0,0,0,5,0,0,2,0,0,0,0,0,0,0,0,0,1,0,0,0,1
212161,99762648,Hide and Seek 2.0,Tronald_Dump82,2,0,0,0,0,1.0,1.0,2.0,1.0,2.0,2.0,2.0,11.0,0.0,0.0,2,2,2,2,1,1,1,0,7,0,1,1,1,1,0,2,0,0,0,0,4,0,0,3,0,1,0,1,0,0,1,0,0,0,0,0,0,2,0,0,0,0,0,0,0,0,1,3,0,0,0,0,0,0,0,0,0,0,0,0,0,0,0,0
126993,99115590,Debug-It 4.5 remix,conesarod1,2,1,0,0,0,1.0,1.0,1.0,3.0,1.0,2.0,1.0,10.0,1.0,0.0,3,0,0,0,5,0,0,0,2,0,0,0,5,0,0,0,0,0,0,0,5,0,0,0,0,0,0,0,0,0,4,0,0,4,0,0,0,4,0,0,0,1,0,0,0,0,0,0,0,0,0,0,0,0,0,6,0,1,0,0,0,0,0,0
213996,99775408,Sign if you love Fairy Tail,Sir-Percidal,2,0,1,1,0,1.0,0.0,0.0,0.0,2.0,1.0,1.0,5.0,0.0,0.0,4,0,0,0,0,0,0,0,2,0,1,1,0,0,0,0,0,0,0,0,0,0,0,0,0,0,0,0,0,0,0,0,0,0,0,0,0,0,0,0,0,0,0,0,0,0,0,0,0,0,0,1,0,0,0,0,0,0,0,0,0,0,0,0
142400,99235823,Untitled-23,flacker123,1,0,0,0,0,0.0,0.0,0.0,0.0,1.0,2.0,0.0,3.0,0.0,0.0,2,0,0,0,0,0,0,0,0,0,0,0,0,0,0,0,0,0,0,0,1,0,0,0,0,0,0,0,0,0,0,0,0,0,0,0,0,0,0,0,0,0,0,0,0,0,1,0,0,0,0,0,0,0,0,0,0,0,0,0,0,0,0,0
54129,98578463,speel leer en teken,FLEXOFL,1,0,1,1,0,3.0,3.0,3.0,3.0,3.0,2.0,3.0,20.0,8.0,33.0,3,70,108,15,3,47,64,58,35,88,31,50,42,32,61,0,37,0,43,0,77,5,0,41,1,138,5,0,32,90,0,0,7,2,0,10,0,15,34,7,0,26,10,13,0,10,16,13,2,7,5,19,0,6,0,0,1,4,4,1,0,0,35,2
218768,99807311,Untitled-10,kk14782001,1,0,0,0,0,1.0,0.0,0.0,0.0,1.0,2.0,1.0,5.0,0.0,0.0,3,0,0,0,0,0,0,0,1,0,0,0,1,0,0,0,0,0,0,0,0,0,0,0,0,0,0,0,0,0,4,0,0,4,0,0,0,4,0,0,0,0,0,0,0,0,0,0,0,0,0,0,0,0,0,0,0,0,0,0,0,0,0,0
145716,99265786,DANCE!,25syberta,3,0,0,0,0,1.0,1.0,0.0,1.0,2.0,1.0,1.0,7.0,0.0,0.0,5,0,10,0,0,0,0,11,4,0,1,0,0,0,3,0,0,0,0,0,0,0,0,0,0,0,0,0,0,0,0,0,0,0,0,0,0,0,0,0,0,0,0,2,0,0,0,0,0,0,0,1,0,0,0,0,0,0,0,0,0,0,0,0
19350,97288426,Untitled-2,alittle20,2,0,0,0,0,1.0,1.0,0.0,3.0,2.0,1.0,1.0,9.0,0.0,0.0,4,0,1,0,0,0,0,0,3,8,1,0,0,0,0,0,8,0,0,0,9,0,0,0,0,0,0,0,0,1,0,0,0,0,0,0,0,0,0,0,0,0,0,0,0,0,0,0,0,0,0,1,0,0,0,0,0,0,0,0,0,0,0,0
53764,98576075,Basketball Game,BoilOlio,1,0,0,0,0,1.0,1.0,3.0,2.0,3.0,2.0,2.0,14.0,0.0,0.0,18,6,0,6,4,2,2,0,4,1,3,1,0,1,0,3,1,0,0,0,1,1,0,2,0,0,0,3,0,1,0,2,0,2,2,0,0,0,2,0,0,0,4,0,0,1,0,0,0,3,0,0,0,1,0,0,0,0,0,0,0,0,0,0
79749,98739052,Yasmine Lundi,jaimejama,2,0,0,0,0,1.0,1.0,0.0,1.0,1.0,1.0,1.0,6.0,0.0,0.0,18,0,11,0,0,0,1,0,2,0,0,1,3,0,0,0,0,0,0,0,7,0,0,0,0,2,0,0,0,2,0,0,0,0,0,0,0,0,0,2,0,0,0,0,0,0,0,0,0,0,0,0,0,0,0,0,0,0,0,0,0,0,0,0
72797,98682304,Collab Starter remix,MeeraMopa,3,0,0,0,1,1.0,3.0,2.0,3.0,2.0,2.0,1.0,14.0,0.0,0.0,11,0,1,0,0,1,1,0,2,3,2,1,1,1,0,0,1,0,0,0,0,0,0,0,0,0,0,0,0,2,0,0,0,0,1,0,0,0,1,4,0,0,0,0,0,0,0,0,0,0,0,0,0,0,0,0,0,1,0,0,0,0,1,0
93791,98842884,Why i'm lazy...,MarioFan67,5,0,0,0,0,0.0,0.0,0.0,0.0,1.0,1.0,0.0,2.0,0.0,0.0,2,0,0,0,0,0,0,0,1,0,0,0,0,0,0,0,0,0,0,0,0,0,0,0,0,1,0,0,0,0,0,0,0,0,0,0,0,0,0,0,0,0,0,0,0,0,0,0,0,0,0,0,0,0,0,0,0,0,0,0,0,0,0,0
46304,98532169,The Choroku [ Sign-Up ] remix-2,-Redstar-,4,0,0,0,0,1.0,3.0,0.0,2.0,1.0,2.0,1.0,10.0,1.0,0.0,3,0,6,0,0,0,9,5,6,12,0,6,4,0,0,0,4,0,0,0,0,0,0,2,0,4,0,0,0,32,0,0,0,2,0,0,0,0,1,1,0,0,0,0,0,0,4,3,0,0,0,0,0,0,0,0,0,0,0,0,0,0,0,0
169088,99457867,Car Game,TikTakEntertainment,21,0,1,0,0,1.0,1.0,3.0,3.0,3.0,2.0,2.0,15.0,0.0,0.0,8,32,12,6,20,7,2,0,9,1,6,2,2,2,0,10,1,0,0,0,0,0,18,0,4,0,0,23,0,0,9,9,0,0,4,0,0,2,0,4,3,0,0,0,0,8,0,0,0,0,3,0,0,3,0,0,0,1,0,0,0,0,2,5
18569,97217812,Γ2 - ΞΕΦΥΓΕ ΑΠΟ ΤΟΝ ΚΑΡΧΑΡΙΑ,ekatomirio,1,0,0,0,0,1.0,1.0,1.0,2.0,2.0,2.0,2.0,11.0,0.0,0.0,6,1,2,2,3,1,2,0,5,0,5,3,1,0,0,2,0,0,0,0,0,2,0,2,0,1,0,0,0,0,1,0,0,0,0,1,0,0,0,2,0,0,0,0,0,0,0,0,0,0,0,1,0,2,0,0,0,0,0,0,0,0,0,0
74266,98689738,•ｑｕｉｅｔ• ｏｃ ｐｍｖ ｍａｐ• (Part 10),kitkatkittycat,359,0,87,61,0,1.0,3.0,0.0,2.0,2.0,1.0,1.0,10.0,0.0,0.0,2,0,11,0,0,0,1,15,3,4,0,4,4,0,2,0,2,0,0,0,0,0,0,0,0,0,0,0,0,5,0,0,0,0,0,0,0,0,0,0,0,4,0,2,0,0,0,0,1,0,0,1,0,0,0,0,0,0,0,0,0,0,0,0
81081,98752843,Activity 1,NICOLE001219,1,0,0,0,0,0.0,0.0,0.0,1.0,1.0,2.0,2.0,6.0,0.0,0.0,6,0,1,2,0,0,0,0,0,0,0,0,0,0,0,0,0,0,0,0,0,0,0,0,0,2,0,0,0,0,0,0,0,0,0,0,0,0,0,0,0,0,0,0,0,0,1,0,0,0,0,0,0,0,0,0,0,0,0,0,0,0,0,0
183603,99550446,clouds are scary ,AllyCatAnimations,1,0,0,0,0,1.0,2.0,0.0,3.0,1.0,2.0,0.0,9.0,0.0,0.0,4,0,2,0,0,0,0,0,1,2,0,0,0,0,0,0,1,0,0,0,0,0,0,0,0,3,0,0,0,0,0,0,0,2,0,0,0,0,0,0,0,0,0,0,0,0,0,0,0,0,0,0,0,0,0,0,0,0,0,0,0,0,0,0
143055,99243000,yolo,kiteukat,30,0,0,0,0,1.0,1.0,3.0,1.0,2.0,2.0,1.0,11.0,0.0,0.0,19,0,33,0,5,0,0,19,7,0,7,0,0,0,1,0,0,0,0,0,0,0,0,0,0,0,0,0,0,0,0,0,0,0,4,0,0,0,0,12,1,0,2,0,0,0,0,0,0,2,0,0,0,0,0,1,0,0,0,0,0,0,0,0
144782,99258581,Untitled,fisd905902,1,0,0,0,0,1.0,1.0,0.0,1.0,1.0,2.0,1.0,7.0,0.0,0.0,4,0,3,0,0,0,1,2,3,0,0,1,0,0,0,0,0,0,0,0,0,0,0,0,0,0,0,0,0,0,0,0,0,1,0,0,0,0,0,0,0,0,0,0,0,0,0,0,0,0,0,0,0,0,0,0,0,0,0,0,0,0,0,0
208883,99734300,Check Yes Juliet - We The Kings,TheUnKnownChapter,5,0,0,0,0,0.0,0.0,0.0,1.0,2.0,1.0,0.0,4.0,0.0,0.0,4,0,1,0,0,0,0,0,1,0,1,0,0,0,0,0,0,0,0,0,0,0,0,0,0,0,0,0,0,0,0,0,0,0,0,0,0,0,0,0,0,0,0,0,0,0,0,0,0,0,0,1,0,0,0,0,0,0,0,0,0,0,0,0
190470,99586240,kick the king,treehouse-pro,1,0,0,0,0,1.0,1.0,0.0,1.0,1.0,2.0,1.0,7.0,0.0,0.0,2,0,1,0,0,0,0,0,3,0,0,0,0,0,0,0,0,0,0,0,2,0,0,0,0,1,0,0,0,0,0,0,0,0,0,0,0,0,2,0,0,0,0,0,0,0,3,0,0,0,0,0,0,0,0,0,0,0,0,0,0,0,0,0
163679,99411107,What McDonald's Does To You,cs153495,1,0,0,0,0,1.0,1.0,1.0,1.0,2.0,1.0,1.0,8.0,0.0,0.0,14,0,4,0,1,0,0,0,4,0,3,0,1,0,0,0,0,0,0,0,4,0,0,4,0,0,0,0,0,0,1,0,0,0,0,0,0,2,0,3,0,0,1,1,0,0,0,0,0,1,0,0,0,0,0,1,0,0,0,0,0,0,0,0
211034,99754545,Capture the mice ,aarroyo31,1,0,0,0,0,1.0,1.0,0.0,1.0,2.0,2.0,1.0,8.0,0.0,0.0,2,0,1,0,0,0,0,0,2,0,0,0,0,0,3,0,0,0,0,0,0,0,0,0,0,1,0,0,0,0,4,0,0,9,0,0,0,6,0,0,0,0,4,0,0,0,0,0,0,0,0,0,0,0,0,0,0,0,0,0,0,0,0,0
147545,99280095,34. Dreams,vincentjoseph_riolo,1,0,0,0,0,1.0,0.0,0.0,1.0,2.0,2.0,2.0,8.0,0.0,0.0,5,3,3,1,0,0,0,0,1,0,0,0,4,0,12,0,0,0,0,0,0,0,0,0,0,0,0,0,0,0,8,0,0,1,0,0,0,4,0,0,0,0,0,0,0,0,0,0,0,0,0,0,0,10,0,0,0,0,0,0,0,0,0,0
